id,kind,room
co2-0001,co2,level0/1543
temp-0001,temp,level0/1543
occ-0001,occupancy,level0/1543
damper-0001,damper,level0/1543
heat-0001,heating,level0/1543
co2-0002,co2,level0/1570
temp-0002,temp,level0/1570
occ-0002,occupancy,level0/1570
damper-0002,damper,level0/1570
heat-0002,heating,level0/1570
co2-0003,co2,level0/1572A
temp-0003,temp,level0/1572A
occ-0003,occupancy,level0/1572A
damper-0003,damper,level0/1572A
heat-0003,heating,level0/1572A
co2-0004,co2,level0/1586
temp-0004,temp,level0/1586
occ-0004,occupancy,level0/1586
damper-0004,damper,level0/1586
heat-0004,heating,level0/1586
co2-0005,co2,level0/1588
temp-0005,temp,level0/1588
occ-0005,occupancy,level0/1588
damper-0005,damper,level0/1588
heat-0005,heating,level0/1588
co2-0006,co2,level0/A1001
temp-0006,temp,level0/A1001
occ-0006,occupancy,level0/A1001
damper-0006,damper,level0/A1001
heat-0006,heating,level0/A1001
co2-0007,co2,level0/A1003
temp-0007,temp,level0/A1003
occ-0007,occupancy,level0/A1003
damper-0007,damper,level0/A1003
heat-0007,heating,level0/A1003
co2-0008,co2,level0/A1007A
temp-0008,temp,level0/A1007A
occ-0008,occupancy,level0/A1007A
damper-0008,damper,level0/A1007A
heat-0008,heating,level0/A1007A
co2-0009,co2,level0/A1014
temp-0009,temp,level0/A1014
occ-0009,occupancy,level0/A1014
damper-0009,damper,level0/A1014
heat-0009,heating,level0/A1014
co2-0010,co2,level0/A1017
temp-0010,temp,level0/A1017
occ-0010,occupancy,level0/A1017
damper-0010,damper,level0/A1017
heat-0010,heating,level0/A1017
co2-0011,co2,level0/A1022
temp-0011,temp,level0/A1022
occ-0011,occupancy,level0/A1022
damper-0011,damper,level0/A1022
heat-0011,heating,level0/A1022
co2-0012,co2,level0/A1022A
temp-0012,temp,level0/A1022A
occ-0012,occupancy,level0/A1022A
damper-0012,damper,level0/A1022A
heat-0012,heating,level0/A1022A
co2-0013,co2,level0/A1023
temp-0013,temp,level0/A1023
occ-0013,occupancy,level0/A1023
damper-0013,damper,level0/A1023
heat-0013,heating,level0/A1023
co2-0014,co2,level0/A1025
temp-0014,temp,level0/A1025
occ-0014,occupancy,level0/A1025
damper-0014,damper,level0/A1025
heat-0014,heating,level0/A1025
co2-0015,co2,level0/A105
temp-0015,temp,level0/A105
occ-0015,occupancy,level0/A105
damper-0015,damper,level0/A105
heat-0015,heating,level0/A105
co2-0016,co2,level0/A108
temp-0016,temp,level0/A108
occ-0016,occupancy,level0/A108
damper-0016,damper,level0/A108
heat-0016,heating,level0/A108
co2-0017,co2,level0/A109
temp-0017,temp,level0/A109
occ-0017,occupancy,level0/A109
damper-0017,damper,level0/A109
heat-0017,heating,level0/A109
co2-0018,co2,level0/A110
temp-0018,temp,level0/A110
occ-0018,occupancy,level0/A110
damper-0018,damper,level0/A110
heat-0018,heating,level0/A110
co2-0019,co2,level0/A1101
temp-0019,temp,level0/A1101
occ-0019,occupancy,level0/A1101
damper-0019,damper,level0/A1101
heat-0019,heating,level0/A1101
co2-0020,co2,level0/A1112
temp-0020,temp,level0/A1112
occ-0020,occupancy,level0/A1112
damper-0020,damper,level0/A1112
heat-0020,heating,level0/A1112
co2-0021,co2,level0/A1113
temp-0021,temp,level0/A1113
occ-0021,occupancy,level0/A1113
damper-0021,damper,level0/A1113
heat-0021,heating,level0/A1113
co2-0022,co2,level0/A1115
temp-0022,temp,level0/A1115
occ-0022,occupancy,level0/A1115
damper-0022,damper,level0/A1115
heat-0022,heating,level0/A1115
co2-0023,co2,level0/A1117B
temp-0023,temp,level0/A1117B
occ-0023,occupancy,level0/A1117B
damper-0023,damper,level0/A1117B
heat-0023,heating,level0/A1117B
co2-0024,co2,level0/A1122
temp-0024,temp,level0/A1122
occ-0024,occupancy,level0/A1122
damper-0024,damper,level0/A1122
heat-0024,heating,level0/A1122
co2-0025,co2,level0/A113C
temp-0025,temp,level0/A113C
occ-0025,occupancy,level0/A113C
damper-0025,damper,level0/A113C
heat-0025,heating,level0/A113C
co2-0026,co2,level0/A117
temp-0026,temp,level0/A117
occ-0026,occupancy,level0/A117
damper-0026,damper,level0/A117
heat-0026,heating,level0/A117
co2-0027,co2,level0/A119
temp-0027,temp,level0/A119
occ-0027,occupancy,level0/A119
damper-0027,damper,level0/A119
heat-0027,heating,level0/A119
co2-0028,co2,level0/A123
temp-0028,temp,level0/A123
occ-0028,occupancy,level0/A123
damper-0028,damper,level0/A123
heat-0028,heating,level0/A123
co2-0029,co2,level0/A1302
temp-0029,temp,level0/A1302
occ-0029,occupancy,level0/A1302
damper-0029,damper,level0/A1302
heat-0029,heating,level0/A1302
co2-0030,co2,level0/A1306
temp-0030,temp,level0/A1306
occ-0030,occupancy,level0/A1306
damper-0030,damper,level0/A1306
heat-0030,heating,level0/A1306
co2-0031,co2,level0/A133
temp-0031,temp,level0/A133
occ-0031,occupancy,level0/A133
damper-0031,damper,level0/A133
heat-0031,heating,level0/A133
co2-0032,co2,level0/A1401
temp-0032,temp,level0/A1401
occ-0032,occupancy,level0/A1401
damper-0032,damper,level0/A1401
heat-0032,heating,level0/A1401
co2-0033,co2,level0/A1402
temp-0033,temp,level0/A1402
occ-0033,occupancy,level0/A1402
damper-0033,damper,level0/A1402
heat-0033,heating,level0/A1402
co2-0034,co2,level0/A144
temp-0034,temp,level0/A144
occ-0034,occupancy,level0/A144
damper-0034,damper,level0/A144
heat-0034,heating,level0/A144
co2-0035,co2,level0/A148
temp-0035,temp,level0/A148
occ-0035,occupancy,level0/A148
damper-0035,damper,level0/A148
heat-0035,heating,level0/A148
co2-0036,co2,level0/A1505
temp-0036,temp,level0/A1505
occ-0036,occupancy,level0/A1505
damper-0036,damper,level0/A1505
heat-0036,heating,level0/A1505
co2-0037,co2,level0/A151
temp-0037,temp,level0/A151
occ-0037,occupancy,level0/A151
damper-0037,damper,level0/A151
heat-0037,heating,level0/A151
co2-0038,co2,level0/A1511A
temp-0038,temp,level0/A1511A
occ-0038,occupancy,level0/A1511A
damper-0038,damper,level0/A1511A
heat-0038,heating,level0/A1511A
co2-0039,co2,level0/A1512E
temp-0039,temp,level0/A1512E
occ-0039,occupancy,level0/A1512E
damper-0039,damper,level0/A1512E
heat-0039,heating,level0/A1512E
co2-0040,co2,level0/A1514E
temp-0040,temp,level0/A1514E
occ-0040,occupancy,level0/A1514E
damper-0040,damper,level0/A1514E
heat-0040,heating,level0/A1514E
co2-0041,co2,level0/A1519
temp-0041,temp,level0/A1519
occ-0041,occupancy,level0/A1519
damper-0041,damper,level0/A1519
heat-0041,heating,level0/A1519
co2-0042,co2,level0/A1522
temp-0042,temp,level0/A1522
occ-0042,occupancy,level0/A1522
damper-0042,damper,level0/A1522
heat-0042,heating,level0/A1522
co2-0043,co2,level0/A167
temp-0043,temp,level0/A167
occ-0043,occupancy,level0/A167
damper-0043,damper,level0/A167
heat-0043,heating,level0/A167
co2-0044,co2,level0/A169
temp-0044,temp,level0/A169
occ-0044,occupancy,level0/A169
damper-0044,damper,level0/A169
heat-0044,heating,level0/A169
co2-0045,co2,level0/A173
temp-0045,temp,level0/A173
occ-0045,occupancy,level0/A173
damper-0045,damper,level0/A173
heat-0045,heating,level0/A173
co2-0046,co2,level0/A177
temp-0046,temp,level0/A177
occ-0046,occupancy,level0/A177
damper-0046,damper,level0/A177
heat-0046,heating,level0/A177
co2-0047,co2,level0/A179
temp-0047,temp,level0/A179
occ-0047,occupancy,level0/A179
damper-0047,damper,level0/A179
heat-0047,heating,level0/A179
co2-0048,co2,level0/A303
temp-0048,temp,level0/A303
occ-0048,occupancy,level0/A303
damper-0048,damper,level0/A303
heat-0048,heating,level0/A303
co2-0049,co2,level0/A306
temp-0049,temp,level0/A306
occ-0049,occupancy,level0/A306
damper-0049,damper,level0/A306
heat-0049,heating,level0/A306
co2-0050,co2,level0/A307
temp-0050,temp,level0/A307
occ-0050,occupancy,level0/A307
damper-0050,damper,level0/A307
heat-0050,heating,level0/A307
